{ 
  "header": {
    "logo": {
      "src": "logo.svg",
      "alt": "DDOS-GUARD"
    },
    "links": [
      {
        "title": "header.links.bissines.title",
        "anchor": "#bissines"
      },
      {
        "title": "header.links.tariff.title",
        "anchor": "#tariff"
      },
      {
        "title": "header.links.advantages.title",
        "anchor": "#advantages"
      },
      {
        "title": "header.links.partners.title",
        "anchor": "#partners"
      },
      {
        "title": "header.links.experts.title",
        "anchor": "#experts"
      },
      {
        "title": "header.links.reviews.title",
        "anchor": "#reviews"
      }
    ],
    "phone": {
      "href": "header.phone.href",
      "number": "header.phone.number",
      "img": {
        "src": "icons/header/phone.svg",
        "alt": "header.phone.img.alt"
      }
    },
    "btn": {
      "link": "https://my.ddos-guard.net/cabinet/create-proxy-wizard?productId=109&currency=RUB",
      "id": "btn-lp-retarget-enterprise-header",
      "title": "header.btn.title"
    }
  },
  "banner": {
    "title": "banner.title",
    "subTitle": "banner.subTitle",
    "img": "banner/bannerImg.svg",
    "list": [
      "banner.list.protection", 
      "banner.list.noextra", 
      "banner.list.loading", 
      "banner.list.limit",
      "banner.list.statistic"
    ],
    "btn": {
      "title": "banner.btn.title",
      "id": "btn-lp-retarget-enterprise-firstscreen",
      "link": "https://my.ddos-guard.net/cabinet/create-proxy-wizard?productId=109&currency=RUB"
    }
  },
  "bisiness": {
    "title": "bisiness.title",
    "problems": [
      {
        "img": "icons/biz/biz1.svg",
        "problemTitle": "bisiness.problems.slow.problemTitle",
        "problemDetails":
          "bisiness.problems.slow.problemDetails",
        "answerTitle": "bisiness.problems.slow.answerTitle",
        "answerDetails":
          "bisiness.problems.slow.answerDetails"
      },
      {
        "img": "icons/biz/biz2.svg",
        "problemTitle": "bisiness.problems.inaccessibility.problemTitle",
        "problemDetails":
          "bisiness.problems.inaccessibility.problemDetails",
        "answerTitle": "bisiness.problems.inaccessibility.answerTitle",
        "answerDetails":
          "bisiness.problems.inaccessibility.answerDetails"
      }
    ]
  },
  "tariff": {
    "title": "tariff.title",
    "details":"tariff.details",
    "tooltipContent": "Оплата в рублях при подтвержденном номере телефона +7 в личном кабинете",
    "plan": [
        {
          "title": "tariff.plan.title",
          "price": "tariff.price",
          "month": "tariff.month",
          "options": [
            "tariff.plan.options.domain",
            "tariff.plan.options.unlimited",
            "tariff.plan.options.block",
            "tariff.plan.options.cdn",
            "tariff.plan.options.ip",
            "tariff.plan.options.cache",
            "tariff.plan.options.guaranteed",
            "tariff.plan.options.ssl",
            "tariff.plan.options.geo",
            "tariff.plan.options.balance",
            "tariff.plan.options.traffic",
            "tariff.plan.options.top",
            "tariff.plan.options.bot"
          ],
          "btn": {
            "title": "tariff.btn.title",
            "id": "btn-lp-retarget-enterprise-tarif",
            "link": "https://my.ddos-guard.net/cabinet/create-proxy-wizard?productId=109&currency=RUB"
          }
        }
      ]
  },
  "advantages": {
    "title": "advantages.title",
    "cards": [
      {
        "img": "icons/advantages/a1.svg",
        "title": "advantages.cards.hidden.title",
        "details": "advantages.cards.hidden.details"
      },
      {
        "img": "icons/advantages/a2.svg",
        "title": "advantages.cards.free.title",
        "details": "advantages.cards.free.details"
      },
      {
        "img": "icons/advantages/a3.svg",
        "title": "advantages.cards.time.title",
        "details": "advantages.cards.time.details"
      },
      {
        "img": "icons/advantages/a4.svg",
        "title": "advantages.cards.network.title",
        "details": "advantages.cards.network.details"
      },
      {
        "img": "icons/advantages/a5.svg",
        "title": "advantages.cards.data.title",
        "details": "advantages.cards.data.details"
      },
      {
        "img": "icons/advantages/a6.svg",
        "title": "advantages.cards.service.title",
        "details": "advantages.cards.service.details"
      }
    ]
  },
  "partners": {
    "title": "partners.title",
    "cards": [
      {
        "img": "partners.cards.parner1.img",
        "alt": "partners.cards.parner1.alt"
      },
      {
        "img": "partners.cards.parner2.img",
        "alt": "partners.cards.parner2.alt"
      },
      {
        "img": "partners.cards.parner3.img",
        "alt": "partners.cards.parner3.alt"
      },
      {
        "img": "partners.cards.parner4.img",
        "alt": "partners.cards.parner4.alt"
      },
      {
        "img": "partners.cards.parner5.img",
        "alt": "partners.cards.parner5.alt"
      },
      {
        "img": "partners.cards.parner6.img",
        "alt": "partners.cards.parner6.alt"
      },
      {
        "img": "partners.cards.parner7.img",
        "alt": "partners.cards.parner7.alt"
      },
      {
        "img": "partners.cards.parner8.img",
        "alt": "partners.cards.parner8.alt"
      },
      {
        "img": "partners.cards.parner9.img",
        "alt": "partners.cards.parner9.alt"
      },
      {
        "img": "partners.cards.parner10.img",
        "alt": "partners.cards.parner10.alt"
      },
      {
        "img": "partners.cards.parner11.img",
        "alt": "partners.cards.parner11.alt"
      },
      {
        "img": "partners.cards.parner12.img",
        "alt": "partners.cards.parner12.alt"
      },
      {
        "img": "partners.cards.parner13.img",
        "alt": "partners.cards.parner13.alt",
        "hide": "en"
      },
      {
        "img": "partners.cards.parner14.img",
        "alt": "partners.cards.parner14.alt",
        "hide": "en"
      },
      {
        "img": "partners.cards.parner15.img",
        "alt": "partners.cards.parner15.alt",
        "hide": "en"
      }
    ]
  },
  "experts": {
    "title": "experts.title",
    "details": "experts.details",
    "img": "experts/experts.png",
    "btn": {
      "title": "experts.btn.title",
      "id": "btn-lp-retarget-enterprise-support"
    }
  },
  "reviews": {
    "title": "reviews.title",
    "subtitle": "review.subtitle",
    "slides": [
      {
        "img": "reviews/p1.svg",
        "alt": "review.slides.slide1.alt",
        "text": "review.slides.slide1.text",
        "name": "review.slides.slide1.name",
        "prof": "review.slides.slide1.prof"
      },
      {
        "img": "reviews/p2.svg",
        "alt": "review.slides.slide2.alt",
        "text": "review.slides.slide2.text",
        "name": "review.slides.slide2.name",
        "prof": "review.slides.slide2.prof"
      },
      {
        "img": "reviews/p3.svg",
        "alt": "review.slides.slide3.alt",
        "text": "review.slides.slide3.text",
        "name": "review.slides.slide3.name"
      }
    ]
  },
  "questions": {
    "title": "questions.title",
    "details": "questions.details",
    "form": {
      "id": "section-contacts-form-enterprise",
      "emailId": "lp-retarget-prefooter-form-email",
      "textareaId": "lp-retarget-prefooter-form-message",
      "btnId": "btn-lp-retarget-enterprise-prefooter-appform"
    }
  },
  "footer": {
    "infos": [
      {
        "title": "footer.infos.email.title",
        "link": "footer.infos.email.link",
        "img": "footer/mail.svg",
        "alt": "footer.infos.email.alt"
      },
      {
        "title": "footer.infos.phone.title",
        "link": "footer.infos.phone.link",
        "img": "footer/tel.svg",
        "alt": "footer.infos.phone.alt"
      },
      {
        "title": "footer.infos.telegram.title",
        "link": "footer.infos.telegram.link",
        "img": "footer/telega.svg",
        "target": "_blank",
        "rel": "noopener noreferrer",
        "alt": "footer.infos.telegram.alt",
        "hide": "en"
      }
    ],
    "politics": [
      {
        "title": "footer.politics.policy.title",
        "link": "footer.politics.policy.link",
        "target": "_blank",
        "rel": "noopener noreferrer"
      },
      {
        "title": "footer.politics.service.title",
        "link": "footer.politics.service.link",
        "target": "_blank",
        "rel": "noopener noreferrer"
      }
    ]
  },
  "modal": {
    "title": "modal.head.title",
    "details": "modal.head.details"
  },
  "feedBackForm": {
    "id": "modal-feedback-form-enterprise",
    "name": "modal-feedback-form-enterprise",
    "inputs": {
      "nameInput": {
        "labelName": "form.nameInput.labelName",
        "id": "lp-retarget-support-form-name",
        "type": "text",
        "name": "name"
      },
      "emailInput": {
        "labelName": "Email",
        "id": "lp-retarget-support-form-email",
        "type": "email",
        "name": "email"
      },
      "phoneInput": {
        "labelName": "form.phoneInput.labelName",
        "id": "lp-retarget-support-form-phone",
        "type": "tel",
        "name": "phone_string",
        "vmask": "form.phoneInput.vmask",
        "placeholder": "form.phoneInput.placeholder"
      },
      "textarea": {
        "labelName": "form.phoneInput.textarea",
        "id": "lp-retarget-support-form-message",
        "name": "comment"
      },
      "checkbox": {
        "id": "feedback-form-privacy-checkbox",
        "label": "form.checkbox.label"
      }
    },
    "required": {
      "mailform": "form.required.email",
      "commentMaxLength": "form.required.commentMaxLength",
      "details": "form.required.details",
      "nameMinLength": "form.required.nameMinLength",
      "nameMaxLength": "form.required.nameMaxLength",
      "phoneError": "form.required.phoneError",
      "emoji": "form.required.emoji"
    },
    "btn": {
      "id": "btn-lp-retarget-support-enterprise-appform",
      "title": "form.btn.title"
    }
  },
  "modalReport": {
    "default": {
      "imgSrc": "ok.svg",
      "title": "modal.report.default.title",
      "details": "modal.report.default.details"
    },
    "error": {
      "imgSrc": "alert.svg",
      "imgAlt": "modal.report.error.imgAlt",
      "title": "modal.report.error.title",
      "details": "modal.report.error.details",
      "btnTitle": "modal.report.error.btnTitle"
    }
  },
  "ecommerceData": {
    "id": "109",
    "name": "ENTERPRISE",
    "price": "200000",
    "currency": "ecommerceData.currency"
  },
  "faq": {
    "title": "faq.title",
    "list": [
      {
        "title": "faq.list.item1.title",
        "details": "faq.list.item1.details"
      },
      {
        "title": "faq.list.item2.title",
        "details": "faq.list.item2.details"
      },
      {
        "title": "faq.list.item3.title",
        "details": "faq.list.item3.details"
      },
      {
        "title": "faq.list.item4.title",
        "details": "faq.list.item4.details"
      },
      {
        "title": "How is malicious traffic blocked?",
        "details":
        "We use Reverse Proxy and granular analysis technologies. When suspecting an attack, the system deals with each incoming packet separately, without blocking all traffic from the IP address. If an attack occurs from compromised home routers, legitimate users of the routers will be able to access the protected resources.",
        "hide": "ru"
      }
    ]
  },
  "trial": {
    "title": "Пробный период для корпоративных клиентов",
    "details": "Представляете крупную компанию? Оцените качество защиты с бесплатным доступом к тарифам Premium и Enterprise на 10 дней",
    "btn": {
      "id": "btn-lp-retarget-enterprise-trial",
      "text": "Отправить заявку"
    }
  },
  "trialForm": {
    "id": "enterprise-trial-form",
    "title": "Заявка на пробный период",
    "btnId": "btn-lp-retarget-enterprise-trial-form",
    "inputs": {
      "company": {
        "label": "Название компании",
        "id": "lp-retarget-trial-form-company"
      },
      "job": {
        "label": "Должность",
        "id": "lp-retarget-trial-form-job"
      },
      "corpEmail": {
        "label": "Корпоративная почта",
        "id": "lp-retarget-trial-form-email"
      },
      "site": {
        "label": "Сайт",
        "placeholder": "example.com",
        "id": "lp-retarget-trial-form-site",
        "type": "url",
        "name": "site"
      },
      "textarea": {
        "id": "lp-retarget-trial-form-textarea"
      }
    }, 
    "selects": {
      "tariff": {
        "label": "Тариф", 
        "list": [
          "Premium", 
          "Enterprise"
        ]
      },
      "countries": {
        "label": "Страна",
        "list": {
          "AU": "Австралия",
          "AT": "Австрия",
          "AZ": "Азербайджан",
          "AX": "Аландские острова",
          "AL": "Албания",
          "DZ": "Алжир",
          "VI": "Виргинские Острова (США)",
          "AS": "Американское Самоа",
          "AI": "Ангилья",
          "AO": "Ангола",
          "AD": "Андорра",
          "AQ": "Антарктида",
          "AG": "Антигуа и Барбуда",
          "AR": "Аргентина",
          "AM": "Армения",
          "AW": "Аруба",
          "AF": "Афганистан",
          "BS": "Багамы",
          "BD": "Бангладеш",
          "BB": "Барбадос",
          "BH": "Бахрейн",
          "BZ": "Белиз",
          "BY": "Беларусь",
          "BE": "Бельгия",
          "BJ": "Бенин",
          "BM": "Бермуды",
          "BG": "Болгария",
          "BO": "Боливия",
          "BQ": "Бонэйр, Синт-Эстатиус и Саба",
          "BA": "Босния и Герцеговина",
          "BW": "Ботсвана",
          "BR": "Бразилия",
          "IO": "Британская территория в Индийском океане",
          "VG": "Виргинские Острова (Великобритания)",
          "BN": "Бруней",
          "BF": "Буркина-Фасо",
          "BI": "Бурунди",
          "BT": "Бутан",
          "VU": "Вануату",
          "VA": "Ватикан",
          "GB": "Великобритания",
          "HU": "Венгрия",
          "VE": "Венесуэла",
          "UM": "Внешние малые острова (США)",
          "TL": "Восточный Тимор",
          "VN": "Вьетнам",
          "GA": "Габон",
          "HT": "Гаити",
          "GY": "Гайана",
          "GM": "Гамбия",
          "GH": "Гана",
          "GP": "Гваделупа",
          "GT": "Гватемала",
          "GF": "Гвиана",
          "GN": "Гвинея",
          "GW": "Гвинея-Бисау",
          "DE": "Германия",
          "GG": "Гернси",
          "GI": "Гибралтар",
          "HN": "Гондурас",
          "HK": "Гонконг",
          "GD": "Гренада",
          "GL": "Гренландия",
          "GR": "Греция",
          "GE": "Грузия",
          "GU": "Гуам",
          "DK": "Дания",
          "JE": "Джерси",
          "DJ": "Джибути",
          "DM": "Доминика",
          "DO": "Доминиканская Республика",
          "CD": "Демократическая Республика Конго",
          "EG": "Египет",
          "ZM": "Замбия",
          "EH": "САДР",
          "ZW": "Зимбабве",
          "IL": "Израиль",
          "IN": "Индия",
          "ID": "Индонезия",
          "JO": "Иордания",
          "IQ": "Ирак",
          "IR": "Иран",
          "IE": "Ирландия",
          "IS": "Исландия",
          "ES": "Испания",
          "IT": "Италия",
          "YE": "Йемен",
          "CV": "Кабо-Верде",
          "KZ": "Казахстан",
          "KY": "Острова Кайман",
          "KH": "Камбоджа",
          "CM": "Камерун",
          "CA": "Канада",
          "QA": "Катар",
          "KE": "Кения",
          "CY": "Кипр",
          "KG": "Киргизия",
          "KI": "Кирибати",
          "TW": ["Тайвань", "Китайская Республика"],
          "KP": "КНДР (Корейская Народно-Демократическая Республика)",
          "CN": "КНР (Китайская Народная Республика)",
          "CC": "Кокосовые острова",
          "CO": "Колумбия",
          "KM": "Коморы",
          "CR": "Коста-Рика",
          "CI": "Кот-д’Ивуар",
          "CU": "Куба",
          "KW": "Кувейт",
          "CW": "Кюрасао",
          "LA": "Лаос",
          "LV": "Латвия",
          "LS": "Лесото",
          "LR": "Либерия",
          "LB": "Ливан",
          "LY": "Ливия",
          "LT": "Литва",
          "LI": "Лихтенштейн",
          "LU": "Люксембург",
          "MU": "Маврикий",
          "MR": "Мавритания",
          "MG": "Мадагаскар",
          "YT": "Майотта",
          "MO": "Макао",
          "MW": "Малави",
          "MY": "Малайзия",
          "ML": "Мали",
          "MV": "Мальдивы",
          "MT": "Мальта",
          "MA": "Марокко",
          "MQ": "Мартиника",
          "MH": "Маршалловы Острова",
          "MX": "Мексика",
          "FM": "Микронезия",
          "MZ": "Мозамбик",
          "MD": "Молдавия",
          "MC": "Монако",
          "MN": "Монголия",
          "MS": "Монтсеррат",
          "MM": "Мьянма",
          "NA": "Намибия",
          "NR": "Науру",
          "NP": "Непал",
          "NE": "Нигер",
          "NG": "Нигерия",
          "NL": "Нидерланды",
          "NI": "Никарагуа",
          "NU": "Ниуэ",
          "NZ": "Новая Зеландия",
          "NC": "Новая Каледония",
          "NO": "Норвегия",
          "AE": "ОАЭ",
          "OM": "Оман",
          "BV": "Остров Буве",
          "IM": "Остров Мэн",
          "CK": "Острова Кука",
          "NF": "Остров Норфолк",
          "CX": "Остров Рождества",
          "PN": "Острова Питкэрн",
          "SH": "Острова Святой Елены, Вознесения и Тристан-да-Кунья",
          "PK": "Пакистан",
          "PW": "Палау",
          "PS": "Государство Палестина",
          "PA": "Панама",
          "PG": "Папуа — Новая Гвинея",
          "PY": "Парагвай",
          "PE": "Перу",
          "PL": "Польша",
          "PT": "Португалия",
          "PR": "Пуэрто-Рико",
          "CG": "Республика Конго",
          "KR": "Республика Корея",
          "RE": "Реюньон",
          "RU": ["Российская Федерация", "Россия"],
          "RW": "Руанда",
          "RO": "Румыния",
          "SV": "Сальвадор",
          "WS": "Самоа",
          "SM": "Сан-Марино",
          "ST": "Сан-Томе и Принсипи",
          "SA": "Саудовская Аравия",
          "SZ": "Эсватини",
          "MK": "Северная Македония",
          "MP": "Северные Марианские Острова",
          "SC": "Сейшельские Острова",
          "BL": "Сен-Бартелеми",
          "MF": "Сен-Мартен",
          "PM": "Сен-Пьер и Микелон",
          "SN": "Сенегал",
          "VC": "Сент-Винсент и Гренадины",
          "KN": "Сент-Китс и Невис",
          "LC": "Сент-Люсия",
          "RS": "Сербия",
          "SG": "Сингапур",
          "SX": "Синт-Мартен",
          "SY": "Сирия",
          "SK": "Словакия",
          "SI": "Словения",
          "SB": "Соломоновы Острова",
          "SO": "Сомали",
          "SD": "Судан",
          "SR": "Суринам",
          "US": "США",
          "SL": "Сьерра-Леоне",
          "TJ": "Таджикистан",
          "TH": "Таиланд",
          "TZ": "Танзания",
          "TC": "Теркс и Кайкос",
          "TG": "Того",
          "TK": "Токелау",
          "TO": "Тонга",
          "TT": "Тринидад и Тобаго",
          "TV": "Тувалу",
          "TN": "Тунис",
          "TM": "Туркмения",
          "TR": "Турция",
          "UG": "Уганда",
          "UZ": "Узбекистан",
          "UA": "Украина",
          "WF": "Уоллис и Футуна",
          "UY": "Уругвай",
          "FO": "Фареры",
          "FJ": "Фиджи",
          "PH": "Филиппины",
          "FI": "Финляндия",
          "FK": "Фолклендские острова",
          "FR": "Франция",
          "PF": "Французская Полинезия",
          "TF": "Французские Южные и Антарктические Территории",
          "HM": "Херд и Макдональд",
          "HR": "Хорватия",
          "CF": "ЦАР",
          "TD": "Чад",
          "ME": "Черногория",
          "CZ": "Чехия",
          "CL": "Чили",
          "CH": "Швейцария",
          "SE": "Швеция",
          "SJ": "Шпицберген и Ян-Майен",
          "LK": "Шри-Ланка",
          "EC": "Эквадор",
          "GQ": "Экваториальная Гвинея",
          "ER": "Эритрея",
          "EE": "Эстония",
          "ET": "Эфиопия",
          "ZA": "ЮАР",
          "GS": "Южная Георгия и Южные Сандвичевы Острова",
          "SS": "Южный Судан",
          "JM": "Ямайка",
          "JP": "Япония",
          "XK": "Косово"
        }
      }
    }
  },
  "personal": {
    "title": "personal.title",
    "btn": {
      "text": "personal.btnText",
      "id": "btn-lp-retarget-enterprise-client-area",
      "href": "https://my.ddos-guard.net/cabinet/create-proxy-wizard?productId=109&currency=RUB"
    },
    "list": [
      {
        "title": "personal.list.item1.title",
        "details": "personal.list.item1.details",
        "img": {
          "src": "personal.list.item1.img.src"
        }
      },
      {
        "title": "personal.list.item2.title",
        "details": "personal.list.item2.details",
        "img": {
          "src": "personal.list.item2.img.src"
        }
      },
      {
        "title": "personal.list.item3.title",
        "details": "personal.list.item3.details",
        "img": {
          "src": "personal.list.item3.img.src"
        }
      },
      {
        "title": "personal.list.item4.title",
        "details": "personal.list.item4.details",
        "img": {
          "src": "personal.list.item4.img.src"
        }
      }
    ]
  },
  "cookies": {
    "text": "cookies.text",
    "button": "cookies.button"
  }
}